job_title,job_detail_url,job_listed,company_name,company_link,company_location
Interesting Job Opportunity: Hiteshi Infotech - Python AI Developer - Flask/Django,https://in.linkedin.com/jobs/view/interesting-job-opportunity-hiteshi-infotech-python-ai-developer-flask-django-at-hiteshi-infotech-pvt-ltd-3744909360?refId=K8SZJstLvoKSbcCF0mBqGw%3D%3D&trackingId=FiMUQkvDLT5X8%2FhK%2FEf%2FhQ%3D%3D&position=1&pageNum=10&trk=public_jobs_jserp-result_search-card,1 week ago,Hiteshi Infotech Pvt. Ltd.,https://in.linkedin.com/company/hiteshi?trk=public_jobs_jserp-result_job-search-card-subtitle,"Indore, Madhya Pradesh, India"
Automation Testing Engineer - Python/Selenium,https://in.linkedin.com/jobs/view/automation-testing-engineer-python-selenium-at-dubai-jobs-gulf-jobs-jobs-in-dubai-qatar-kuwait-boyen-haddin-the-giant-hr-consultant-3733360546?refId=K8SZJstLvoKSbcCF0mBqGw%3D%3D&trackingId=yyDtBq8OapHNww0vKZz%2FFw%3D%3D&position=2&pageNum=10&trk=public_jobs_jserp-result_search-card,1 month ago,"Dubai Jobs, Gulf Jobs, Jobs in Dubai, Qatar, Kuwait - Boyen Haddin & The Giant HR Consultant",https://in.linkedin.com/company/boyenhaddin?trk=public_jobs_jserp-result_job-search-card-subtitle,"Bangalore Urban, Karnataka, India"
Interesting Job Opportunity: Brainvire Infotech - Team Lead - Odoo,https://in.linkedin.com/jobs/view/interesting-job-opportunity-brainvire-infotech-team-lead-odoo-at-brainvire-infotech-inc-3745217501?refId=K8SZJstLvoKSbcCF0mBqGw%3D%3D&trackingId=x%2FTZ1srl4c0fg4YMImzOSA%3D%3D&position=3&pageNum=10&trk=public_jobs_jserp-result_search-card,1 week ago,Brainvire Infotech Inc.,https://www.linkedin.com/company/brainvire-infotech-inc?trk=public_jobs_jserp-result_job-search-card-subtitle,"Ahmedabad, Gujarat, India"
Python Developer,https://in.linkedin.com/jobs/view/python-developer-at-turing-3745517224?refId=K8SZJstLvoKSbcCF0mBqGw%3D%3D&trackingId=gKUXBT7Odr8MAr1F1N49Dw%3D%3D&position=4&pageNum=10&trk=public_jobs_jserp-result_search-card,2 weeks ago,Turing,https://www.linkedin.com/company/turingcom?trk=public_jobs_jserp-result_job-search-card-subtitle,Greater Hyderabad Area
Data Analyst,https://in.linkedin.com/jobs/view/data-analyst-at-sms-magic-3748592169?refId=K8SZJstLvoKSbcCF0mBqGw%3D%3D&trackingId=0rd9Rg7enwEEZ5Gr0cMzLw%3D%3D&position=5&pageNum=10&trk=public_jobs_jserp-result_search-card,1 week ago,SMS-Magic,https://www.linkedin.com/company/screen-magic-media?trk=public_jobs_jserp-result_job-search-card-subtitle,"Pune, Maharashtra, India"
Python Developer,https://in.linkedin.com/jobs/view/python-developer-at-turing-3744049721?refId=K8SZJstLvoKSbcCF0mBqGw%3D%3D&trackingId=xDSP0arMjEQMde61c9dFHQ%3D%3D&position=6&pageNum=10&trk=public_jobs_jserp-result_search-card,3 weeks ago,Turing,https://www.linkedin.com/company/turingcom?trk=public_jobs_jserp-result_job-search-card-subtitle,Greater Bengaluru Area
Python Developer,https://in.linkedin.com/jobs/view/python-developer-at-antal-international-3745091603?refId=K8SZJstLvoKSbcCF0mBqGw%3D%3D&trackingId=ueLuOeqFSTI4AveCyF5a5w%3D%3D&position=7&pageNum=10&trk=public_jobs_jserp-result_search-card,2 weeks ago,Antal International,https://uk.linkedin.com/company/antal-international?trk=public_jobs_jserp-result_job-search-card-subtitle,"Delhi, Delhi, India"
Data Engineer - Python/Spark,https://in.linkedin.com/jobs/view/data-engineer-python-spark-at-flexiple-3737408052?refId=K8SZJstLvoKSbcCF0mBqGw%3D%3D&trackingId=hkpXRkcKf5lHcpBjD3HBig%3D%3D&position=8&pageNum=10&trk=public_jobs_jserp-result_search-card,2 weeks ago,Flexiple,https://www.linkedin.com/company/flexiple?trk=public_jobs_jserp-result_job-search-card-subtitle,Greater Kolkata Area
Python Developer,https://in.linkedin.com/jobs/view/python-developer-at-turing-3744052788?refId=K8SZJstLvoKSbcCF0mBqGw%3D%3D&trackingId=c5p0UEatmk5FF2jyscPntg%3D%3D&position=9&pageNum=10&trk=public_jobs_jserp-result_search-card,3 weeks ago,Turing,https://www.linkedin.com/company/turingcom?trk=public_jobs_jserp-result_job-search-card-subtitle,India
Python Developer,https://in.linkedin.com/jobs/view/python-developer-at-turing-3744054147?refId=K8SZJstLvoKSbcCF0mBqGw%3D%3D&trackingId=PQ9j5J%2FVaDoIx0f%2BooRGYw%3D%3D&position=10&pageNum=10&trk=public_jobs_jserp-result_search-card,3 weeks ago,Turing,https://www.linkedin.com/company/turingcom?trk=public_jobs_jserp-result_job-search-card-subtitle,Pune/Pimpri-Chinchwad Area
Repro - Backend Developer - Python/Django,https://in.linkedin.com/jobs/view/repro-backend-developer-python-django-at-repro-india-limited-3733082986?refId=K8SZJstLvoKSbcCF0mBqGw%3D%3D&trackingId=WUOZrWKtY7%2BDYt6ztCXBVg%3D%3D&position=11&pageNum=10&trk=public_jobs_jserp-result_search-card,3 weeks ago,Repro India Limited,https://in.linkedin.com/company/repro-india-limited?trk=public_jobs_jserp-result_job-search-card-subtitle,"Mumbai, Maharashtra, India"
"Python Coder (in AUS) - $300,000/year USD",https://in.linkedin.com/jobs/view/python-coder-in-aus-%24300-000-year-usd-at-visanswer-3744221464?refId=K8SZJstLvoKSbcCF0mBqGw%3D%3D&trackingId=y7cCKy4f1yCslnucu6WmUA%3D%3D&position=12&pageNum=10&trk=public_jobs_jserp-result_search-card,2 weeks ago,Visanswer,https://www.linkedin.com/company/visanswer?trk=public_jobs_jserp-result_job-search-card-subtitle,"Delhi, Delhi, India"
Research - Artificial Intelligence (AI) Internship in Delhi at Growify Digital,https://in.linkedin.com/jobs/view/research-artificial-intelligence-ai-internship-in-delhi-at-growify-digital-at-growify-digital-3744191979?refId=K8SZJstLvoKSbcCF0mBqGw%3D%3D&trackingId=U3jhlATFeGY6tLH23I4SbA%3D%3D&position=13&pageNum=10&trk=public_jobs_jserp-result_search-card,2 weeks ago,Growify Digital,https://in.linkedin.com/company/growify-studio?trk=public_jobs_jserp-result_job-search-card-subtitle,"Delhi, India"
Junior Engineer - Application,https://in.linkedin.com/jobs/view/junior-engineer-application-at-omron-group-3754853441?refId=K8SZJstLvoKSbcCF0mBqGw%3D%3D&trackingId=igNmLp4QiDqoekzoiEzI5w%3D%3D&position=14&pageNum=10&trk=public_jobs_jserp-result_search-card,5 days ago,OMRON Group,https://jp.linkedin.com/company/omron-corporation?trk=public_jobs_jserp-result_job-search-card-subtitle,"Chennai, Tamil Nadu, India"
Python & AI/ML Developer (EXP: 1-4 Yrs) (Hybrid),https://in.linkedin.com/jobs/view/python-ai-ml-developer-exp-1-4-yrs-hybrid-at-totality-corp-3713840612?refId=K8SZJstLvoKSbcCF0mBqGw%3D%3D&trackingId=Ow2buloyo%2BbyDTex4Ptkdw%3D%3D&position=15&pageNum=10&trk=public_jobs_jserp-result_search-card,2 months ago,Totality Corp,https://in.linkedin.com/company/totalitycorp?trk=public_jobs_jserp-result_job-search-card-subtitle,"Gurugram, Haryana, India"
Internship - Seeking Full Stack Python/Flask Web Developer Intern that prioritizes work/life balance,https://in.linkedin.com/jobs/view/internship-seeking-full-stack-python-flask-web-developer-intern-that-prioritizes-work-life-balance-at-dendrite-ai-3714047456?refId=K8SZJstLvoKSbcCF0mBqGw%3D%3D&trackingId=5W9ksRQw1B4TvyEEhfBOIw%3D%3D&position=16&pageNum=10&trk=public_jobs_jserp-result_search-card,1 month ago,Dendrite.ai,https://www.linkedin.com/company/dendrite-ai?trk=public_jobs_jserp-result_job-search-card-subtitle,"Pune, Maharashtra, India"
Data Analyst,https://in.linkedin.com/jobs/view/data-analyst-at-t-n-business-services-3749049206?refId=K8SZJstLvoKSbcCF0mBqGw%3D%3D&trackingId=lHsozPi8PXX%2BdOpMcEv7qw%3D%3D&position=17&pageNum=10&trk=public_jobs_jserp-result_search-card,1 week ago,T&N Business Services,https://in.linkedin.com/company/tnservices?trk=public_jobs_jserp-result_job-search-card-subtitle,"Gurgaon, Haryana, India"
Python/ Django Developer,https://in.linkedin.com/jobs/view/python-django-developer-at-amrita-vishwa-vidyapeetham-3744200083?refId=K8SZJstLvoKSbcCF0mBqGw%3D%3D&trackingId=PFjZtEKIdYYJcrnyeXV8tQ%3D%3D&position=18&pageNum=10&trk=public_jobs_jserp-result_search-card,2 weeks ago,Amrita Vishwa Vidyapeetham,https://in.linkedin.com/company/amrita-vishwa-vidyapeetham-official?trk=public_jobs_jserp-result_job-search-card-subtitle,"Kollam, Kerala, India"
Python and SQL,https://in.linkedin.com/jobs/view/python-and-sql-at-fusion-plus-solutions-inc-3729789156?refId=K8SZJstLvoKSbcCF0mBqGw%3D%3D&trackingId=pxol8Uw38GIxnxMmLDYlnw%3D%3D&position=19&pageNum=10&trk=public_jobs_jserp-result_search-card,1 month ago,Fusion Plus Solutions Inc,https://www.linkedin.com/company/fusion-plus-solutions-inc?trk=public_jobs_jserp-result_job-search-card-subtitle,"Hyderabad, Telangana, India"
Quality Assurance Automation Engineer - Python/Selenium,https://in.linkedin.com/jobs/view/quality-assurance-automation-engineer-python-selenium-at-dubai-jobs-gulf-jobs-jobs-in-dubai-qatar-kuwait-boyen-haddin-the-giant-hr-consultant-3733358820?refId=K8SZJstLvoKSbcCF0mBqGw%3D%3D&trackingId=kQkdPR7C5cOwrUPgmtnBaA%3D%3D&position=20&pageNum=10&trk=public_jobs_jserp-result_search-card,1 month ago,"Dubai Jobs, Gulf Jobs, Jobs in Dubai, Qatar, Kuwait - Boyen Haddin & The Giant HR Consultant",https://in.linkedin.com/company/boyenhaddin?trk=public_jobs_jserp-result_job-search-card-subtitle,"Bangalore Urban, Karnataka, India"
Python Developer,https://in.linkedin.com/jobs/view/python-developer-at-turing-3744049700?refId=K8SZJstLvoKSbcCF0mBqGw%3D%3D&trackingId=1xNfDYuY5MzBo%2BPNUaHJBg%3D%3D&position=21&pageNum=10&trk=public_jobs_jserp-result_search-card,3 weeks ago,Turing,https://www.linkedin.com/company/turingcom?trk=public_jobs_jserp-result_job-search-card-subtitle,Greater Chennai Area
Python / Flask (Software Engineer),https://in.linkedin.com/jobs/view/python-flask-software-engineer-at-intellore-systems-private-limited-3736693982?refId=K8SZJstLvoKSbcCF0mBqGw%3D%3D&trackingId=taYrdVIgYYpnMPcAjcXxnQ%3D%3D&position=22&pageNum=10&trk=public_jobs_jserp-result_search-card,3 weeks ago,Intellore Systems Private Limited,https://in.linkedin.com/company/intellore?trk=public_jobs_jserp-result_job-search-card-subtitle,"Pune, Maharashtra, India"
Data Scientist,https://in.linkedin.com/jobs/view/data-scientist-at-changeleaders-in-3744056660?refId=K8SZJstLvoKSbcCF0mBqGw%3D%3D&trackingId=rXoQ4EARI%2FXe3%2FB1g9dnZQ%3D%3D&position=23&pageNum=10&trk=public_jobs_jserp-result_search-card,2 weeks ago,Changeleaders.in,https://in.linkedin.com/company/changeleaders?trk=public_jobs_jserp-result_job-search-card-subtitle,"Bangalore Urban, Karnataka, India"
Data Analyst - SQL/Python,https://in.linkedin.com/jobs/view/data-analyst-sql-python-at-hitya-global-3744906819?refId=K8SZJstLvoKSbcCF0mBqGw%3D%3D&trackingId=USObr2a0C7HVqzQCyK9aSQ%3D%3D&position=24&pageNum=10&trk=public_jobs_jserp-result_search-card,1 week ago,Hitya Global,https://in.linkedin.com/company/hitya-global?trk=public_jobs_jserp-result_job-search-card-subtitle,"Bengaluru, Karnataka, India"
Python developer,https://in.linkedin.com/jobs/view/python-developer-at-ditinus%E2%84%A2-technology-private-ltd-3731912699?refId=K8SZJstLvoKSbcCF0mBqGw%3D%3D&trackingId=JvQPJIS17c6sxB3URlesgA%3D%3D&position=25&pageNum=10&trk=public_jobs_jserp-result_search-card,1 month ago,Ditinusâ„¢ Technology Private Ltd.,https://in.linkedin.com/company/ditinus-technology-pvt-ltd?trk=public_jobs_jserp-result_job-search-card-subtitle,"Sahibzada Ajit Singh Nagar, Punjab, India"
job_title,job_detail_url,job_listed,company_name,company_link,company_location
Software Engineer,https://in.linkedin.com/jobs/view/software-engineer-at-ibm-3746297702?refId=iT%2BmIYvmreO7UG7PRkwilA%3D%3D&trackingId=Aeky%2Fo%2FOip6KM3hQB%2BqYkQ%3D%3D&position=1&pageNum=10&trk=public_jobs_jserp-result_search-card,1 week ago,IBM,https://www.linkedin.com/company/ibm?trk=public_jobs_jserp-result_job-search-card-subtitle,"Bengaluru East, Karnataka, India"
"Staff Software Engineer, Machine Learning, Google Cloud",https://in.linkedin.com/jobs/view/staff-software-engineer-machine-learning-google-cloud-at-google-3747430189?refId=iT%2BmIYvmreO7UG7PRkwilA%3D%3D&trackingId=eRUAKOIX4yi6RN%2F%2F1OMi8A%3D%3D&position=2&pageNum=10&trk=public_jobs_jserp-result_search-card,1 week ago,Google,https://www.linkedin.com/company/google?trk=public_jobs_jserp-result_job-search-card-subtitle,"Bengaluru, Karnataka, India"
SQL Python,https://in.linkedin.com/jobs/view/sql-python-at-volantis-technologies-private-limited-3716039438?refId=iT%2BmIYvmreO7UG7PRkwilA%3D%3D&trackingId=7BNW%2F4%2BZloyd00MwkoNE9g%3D%3D&position=3&pageNum=10&trk=public_jobs_jserp-result_search-card,1 month ago,Volantis Technologies Private Limited,https://in.linkedin.com/company/volantis-technologies-pvt-ltd?trk=public_jobs_jserp-result_job-search-card-subtitle,"Bengaluru, Karnataka, India"
Python Lead Analyst,https://in.linkedin.com/jobs/view/python-lead-analyst-at-cgi-3749746739?refId=iT%2BmIYvmreO7UG7PRkwilA%3D%3D&trackingId=LdSgfO71Rca%2FbP2e62f%2BIw%3D%3D&position=4&pageNum=10&trk=public_jobs_jserp-result_search-card,1 week ago,CGI,https://ca.linkedin.com/company/cgi?trk=public_jobs_jserp-result_job-search-card-subtitle,"Hyderabad, Telangana, India"
Python Full Stack Developer,https://in.linkedin.com/jobs/view/python-full-stack-developer-at-spurtree-technologies-3754942717?refId=iT%2BmIYvmreO7UG7PRkwilA%3D%3D&trackingId=ebhxvlXWRtIQMx6Ic5tPrQ%3D%3D&position=5&pageNum=10&trk=public_jobs_jserp-result_search-card,5 days ago,SpurTree Technologies,https://www.linkedin.com/company/spurtreetech?trk=public_jobs_jserp-result_job-search-card-subtitle,"Bengaluru, Karnataka, India"
"Data Analyst, Data Extraction",https://in.linkedin.com/jobs/view/data-analyst-data-extraction-at-ryan-3747060527?refId=iT%2BmIYvmreO7UG7PRkwilA%3D%3D&trackingId=fNhHhXetS3FwCRK9CHsPGA%3D%3D&position=6&pageNum=10&trk=public_jobs_jserp-result_search-card,5 days ago,Ryan,https://www.linkedin.com/company/ryan?trk=public_jobs_jserp-result_job-search-card-subtitle,"Hyderabad, Telangana, India"
Python Developer,https://in.linkedin.com/jobs/view/python-developer-at-alphacom-llc-3747925873?refId=iT%2BmIYvmreO7UG7PRkwilA%3D%3D&trackingId=Zs7NV%2B2YMCEqmjuBoHy3cA%3D%3D&position=7&pageNum=10&trk=public_jobs_jserp-result_search-card,1 week ago,"Alphacom, LLC",https://www.linkedin.com/company/alphacom-llc?trk=public_jobs_jserp-result_job-search-card-subtitle,"Chennai, Tamil Nadu, India"
PYTHON DEVELOPER (EZ),https://in.linkedin.com/jobs/view/python-developer-ez-at-talent-corner-hr-services-pvt-ltd-3593848716?refId=iT%2BmIYvmreO7UG7PRkwilA%3D%3D&trackingId=bUFAMDA7i6mgAR94Nb5i%2FQ%3D%3D&position=8&pageNum=10&trk=public_jobs_jserp-result_search-card,6 months ago,Talent Corner HR Services Pvt Ltd,https://in.linkedin.com/company/talent-corner-hr-services-pvt-ltd?trk=public_jobs_jserp-result_job-search-card-subtitle,"Pune, Maharashtra, India"
Software Engineer - Python,https://in.linkedin.com/jobs/view/software-engineer-python-at-nference-3721256267?refId=iT%2BmIYvmreO7UG7PRkwilA%3D%3D&trackingId=cI6LHV4isyZqlzGYWkRSXA%3D%3D&position=9&pageNum=10&trk=public_jobs_jserp-result_search-card,1 month ago,nference,https://www.linkedin.com/company/nference?trk=public_jobs_jserp-result_job-search-card-subtitle,"Bengaluru North, Karnataka, India"
Python,https://in.linkedin.com/jobs/view/python-at-fusion-plus-solutions-inc-3733063103?refId=iT%2BmIYvmreO7UG7PRkwilA%3D%3D&trackingId=6eY8ahELk%2F%2BPzAmoYK3vMA%3D%3D&position=10&pageNum=10&trk=public_jobs_jserp-result_search-card,1 month ago,Fusion Plus Solutions Inc,https://www.linkedin.com/company/fusion-plus-solutions-inc?trk=public_jobs_jserp-result_job-search-card-subtitle,"Hyderabad, Telangana, India"
Python Developer,https://in.linkedin.com/jobs/view/python-developer-at-intuitive-apps-inc-3593858336?refId=iT%2BmIYvmreO7UG7PRkwilA%3D%3D&trackingId=XNfVEwA0kS40AUL50m7s1w%3D%3D&position=11&pageNum=10&trk=public_jobs_jserp-result_search-card,6 months ago,Intuitive Apps Inc.,https://www.linkedin.com/company/intuitive-apps?trk=public_jobs_jserp-result_job-search-card-subtitle,"Gurgaon, Haryana, India"
Investments-Senior Engineer,https://in.linkedin.com/jobs/view/investments-senior-engineer-at-deutsche-bank-3749622956?refId=iT%2BmIYvmreO7UG7PRkwilA%3D%3D&trackingId=c19vY%2BU2fzeHpUozYixOXg%3D%3D&position=12&pageNum=10&trk=public_jobs_jserp-result_search-card,1 week ago,Deutsche Bank,https://de.linkedin.com/company/deutsche-bank?trk=public_jobs_jserp-result_job-search-card-subtitle,"Pune, Maharashtra, India"
Investments-Senior Engineer,https://in.linkedin.com/jobs/view/investments-senior-engineer-at-deutsche-bank-3749623841?refId=iT%2BmIYvmreO7UG7PRkwilA%3D%3D&trackingId=O%2FTOErr%2FA12%2BqnGKVgX9TQ%3D%3D&position=13&pageNum=10&trk=public_jobs_jserp-result_search-card,1 week ago,Deutsche Bank,https://de.linkedin.com/company/deutsche-bank?trk=public_jobs_jserp-result_job-search-card-subtitle,"Pune, Maharashtra, India"
Senior Performance Engineer,https://in.linkedin.com/jobs/view/senior-performance-engineer-at-salesforce-3751805516?refId=iT%2BmIYvmreO7UG7PRkwilA%3D%3D&trackingId=xoVXXbNond%2B56Cz2q5BVfw%3D%3D&position=14&pageNum=10&trk=public_jobs_jserp-result_search-card,1 week ago,Salesforce,https://www.linkedin.com/company/salesforce?trk=public_jobs_jserp-result_job-search-card-subtitle,"Bengaluru, Karnataka, India"
Senior Engineer,https://in.linkedin.com/jobs/view/senior-engineer-at-deutsche-bank-3749622966?refId=iT%2BmIYvmreO7UG7PRkwilA%3D%3D&trackingId=1P4unfMQvytYdoJ0v9UEgA%3D%3D&position=15&pageNum=10&trk=public_jobs_jserp-result_search-card,1 week ago,Deutsche Bank,https://de.linkedin.com/company/deutsche-bank?trk=public_jobs_jserp-result_job-search-card-subtitle,"Pune, Maharashtra, India"
Interesting Job Opportunity: Deqode - Python Developer - Django/Flask,https://in.linkedin.com/jobs/view/interesting-job-opportunity-deqode-python-developer-django-flask-at-deqode-3743858137?refId=iT%2BmIYvmreO7UG7PRkwilA%3D%3D&trackingId=ENiJtLL%2BRgusD0VTYCmW%2FQ%3D%3D&position=16&pageNum=10&trk=public_jobs_jserp-result_search-card,1 week ago,Deqode,https://www.linkedin.com/company/deqodesolutions?trk=public_jobs_jserp-result_job-search-card-subtitle,"Pune, Maharashtra, India"
"Software Engineering Manager II, Google TV",https://in.linkedin.com/jobs/view/software-engineering-manager-ii-google-tv-at-google-3747432129?refId=iT%2BmIYvmreO7UG7PRkwilA%3D%3D&trackingId=oyqU5wpanU%2B9d3q3yrewFA%3D%3D&position=17&pageNum=10&trk=public_jobs_jserp-result_search-card,1 week ago,Google,https://www.linkedin.com/company/google?trk=public_jobs_jserp-result_job-search-card-subtitle,"Bengaluru, Karnataka, India"
IOT Analyst,https://in.linkedin.com/jobs/view/iot-analyst-at-zypp-electric-3743677580?refId=iT%2BmIYvmreO7UG7PRkwilA%3D%3D&trackingId=YwV2wS4ZbJagyjMl%2BTowzg%3D%3D&position=18&pageNum=10&trk=public_jobs_jserp-result_search-card,2 weeks ago,Zypp Electric,https://in.linkedin.com/company/zyppelectric?trk=public_jobs_jserp-result_job-search-card-subtitle,"Gurugram, Haryana, India"
Full Stack Developer (Python) - Remote,https://in.linkedin.com/jobs/view/full-stack-developer-python-remote-at-monetizemore-3725849165?refId=iT%2BmIYvmreO7UG7PRkwilA%3D%3D&trackingId=zTEjy8PXYO6fAFSEECHuLA%3D%3D&position=19&pageNum=10&trk=public_jobs_jserp-result_search-card,1 month ago,MonetizeMore,https://ca.linkedin.com/company/monetizemore?trk=public_jobs_jserp-result_job-search-card-subtitle,"Bengaluru, Karnataka, India"
"Data Analytics Apprenticeship, March or June 2024 Start",https://in.linkedin.com/jobs/view/data-analytics-apprenticeship-march-or-june-2024-start-at-google-3747429632?refId=iT%2BmIYvmreO7UG7PRkwilA%3D%3D&trackingId=if0euUwg6a47s1k66absDA%3D%3D&position=20&pageNum=10&trk=public_jobs_jserp-result_search-card,1 week ago,Google,https://www.linkedin.com/company/google?trk=public_jobs_jserp-result_job-search-card-subtitle,"Gurgaon, Haryana, India"
Cloud & BI Platforms - Engineer,https://in.linkedin.com/jobs/view/cloud-bi-platforms-engineer-at-deutsche-bank-3754305009?refId=iT%2BmIYvmreO7UG7PRkwilA%3D%3D&trackingId=7N6IruSs74IxRGB4eP9j5g%3D%3D&position=21&pageNum=10&trk=public_jobs_jserp-result_search-card,6 days ago,Deutsche Bank,https://de.linkedin.com/company/deutsche-bank?trk=public_jobs_jserp-result_job-search-card-subtitle,"Bengaluru, Karnataka, India"
Investments-Senior Engineer,https://in.linkedin.com/jobs/view/investments-senior-engineer-at-deutsche-bank-3749623842?refId=iT%2BmIYvmreO7UG7PRkwilA%3D%3D&trackingId=MPcqrdgqAdeELv0%2BLRIBGg%3D%3D&position=22&pageNum=10&trk=public_jobs_jserp-result_search-card,1 week ago,Deutsche Bank,https://de.linkedin.com/company/deutsche-bank?trk=public_jobs_jserp-result_job-search-card-subtitle,"Pune, Maharashtra, India"
Nykaa - Software Development Engineer II - Test - Java/Python,https://in.linkedin.com/jobs/view/nykaa-software-development-engineer-ii-test-java-python-at-nykaa-3714345660?refId=iT%2BmIYvmreO7UG7PRkwilA%3D%3D&trackingId=NmdFqAkEOnRey1qoEiAE0A%3D%3D&position=23&pageNum=10&trk=public_jobs_jserp-result_search-card,1 month ago,Nykaa,https://in.linkedin.com/company/nykaa-com?trk=public_jobs_jserp-result_job-search-card-subtitle,"Gurugram, Haryana, India"
Data Scientist-Noida,https://in.linkedin.com/jobs/view/data-scientist-noida-at-shiva-hr-services-3747927598?refId=iT%2BmIYvmreO7UG7PRkwilA%3D%3D&trackingId=%2FDX09N1LvsMZMxJAYqfmDg%3D%3D&position=24&pageNum=10&trk=public_jobs_jserp-result_search-card,1 week ago,SHIVA HR SERVICES,https://www.linkedin.com/company/shivahrservices?trk=public_jobs_jserp-result_job-search-card-subtitle,"Noida, Uttar Pradesh, India"
Python,https://in.linkedin.com/jobs/view/python-at-fusion-plus-solutions-inc-3729381067?refId=iT%2BmIYvmreO7UG7PRkwilA%3D%3D&trackingId=Hop6yf6pDC9HZm3wh2A8sg%3D%3D&position=25&pageNum=10&trk=public_jobs_jserp-result_search-card,1 month ago,Fusion Plus Solutions Inc,https://www.linkedin.com/company/fusion-plus-solutions-inc?trk=public_jobs_jserp-result_job-search-card-subtitle,"Hyderabad, Telangana, India"
